Regiao,Cenario,Nos,EnergiaTotalExt_J,EnergiaMedia_J,PDR_Percent,JainIndex,TempoExec_s,LatenciaMedia_s,PerdasColisaoExt,PerdasSinalFracoExt,PerdasSaturacaoExt,DR0_SF12,DR1_SF11,DR2_SF10,DR3_SF9,DR4_SF8,DR5_SF7,Semente
BR,1,100,1308.09,13.0809,100,1,1.96196,1.77583,0,0,0,57,10,11,10,1,11,6
BR,1,100,1427.95,14.2795,100,1,1.9739,1.90993,0,0,0,62,11,13,7,1,6,2
BR,1,100,1248.61,12.4861,100,1,2.02257,1.67611,0,0,0,51,11,18,8,6,6,3
BR,1,100,1300.02,13.0002,99.8382,0.999724,2.71652,1.76025,21,0,0,52,17,14,10,1,6,7
BR,1,100,1255.93,12.5593,100,1,2.69509,1.69444,0,0,0,49,19,11,8,3,10,8
BR,1,100,1334.54,13.3454,100,1,2.76573,1.77554,0,0,0,54,16,9,8,5,8,1
BR,1,100,1303.26,13.0326,98.4026,0.989813,2.89231,1.72922,213,0,0,55,8,15,5,11,6,4
BR,1,100,1418.96,14.1896,100,1,2.89476,1.90969,0,0,0,61,12,13,7,4,3,9
BR,1,100,1459.83,14.5983,100,1,2.95091,1.96926,0,0,0,63,12,13,5,3,4,5
BR,1,100,1451.12,14.5112,99.5177,0.997506,2.20117,1.95733,64,0,0,63,13,9,7,1,7,11
BR,1,100,1325.31,13.2531,100,1,2.24203,1.80291,0,0,0,54,17,11,10,4,4,10
BR,1,100,1279.79,12.7979,98.7118,0.992312,2.73358,1.71312,170,0,0,53,12,14,10,4,7,12
BR,1,100,1269.4,12.694,100,1,2.08631,1.71878,0,0,0,53,12,12,6,7,10,14
BR,1,100,1267.84,12.6784,100,1,2.74348,1.70556,0,0,0,51,14,16,9,3,7,13
BR,1,100,1392.89,13.9289,98.4227,0.994776,2.93456,1.83138,213,0,0,59,13,7,9,5,7,15
BR,1,100,1397.48,13.9748,100,1,2.67224,1.8799,0,0,0,60,12,12,7,5,4,17
BR,1,100,1329.38,13.2938,100,1,2.76915,1.80278,0,0,0,60,7,9,11,7,6,16
BR,1,100,1359.16,13.5916,98.7421,0.992312,2.80758,1.78161,170,0,0,57,10,13,9,4,7,18
BR,1,100,1320.15,13.2015,100,1,2.09926,1.79566,0,0,0,57,13,7,6,7,10,20
BR,1,100,1298.64,12.9864,99.6769,0.999525,2.25501,1.75406,42,0,0,51,20,10,7,6,6,21
BR,1,100,1246.02,12.4602,98.7097,0.993494,3.07899,1.66817,170,0,0,50,14,17,7,3,9,19
BR,1,100,1292.11,12.9211,99.3579,0.998384,2.72848,1.73076,85,0,0,52,15,14,7,6,6,22
BR,1,100,1394.85,13.9485,99.361,0.998091,2.48979,1.86537,85,0,0,56,20,9,4,1,10,23
BR,1,100,1325.55,13.2555,100,1,2.501,1.77728,0,0,0,56,10,14,6,6,8,26
BR,1,100,1488.13,14.8813,99.2138,0.997635,2.51015,1.96593,106,0,0,66,12,4,5,6,7,24
BR,1,100,1296.05,12.9605,100,1,2.72855,1.71721,0,0,0,54,9,14,9,6,8,27
BR,1,100,1357.11,13.5711,98.3974,0.993161,2.74868,1.81075,213,0,0,57,13,11,7,6,6,25
BR,1,100,1375.81,13.7581,100,1,2.22065,1.84689,0,0,0,57,17,8,5,3,10,29
BR,1,100,1358.36,13.5836,100,1,3.06367,1.82858,0,0,0,58,13,10,7,4,8,28
BR,1,100,1245.84,12.4584,99.8358,0.999724,2.27652,1.70917,21,0,0,52,13,14,6,7,8,30
BR,1,100,1356.54,13.5654,99.3579,0.997798,2.81164,1.82083,85,0,0,58,9,14,8,6,5,31
BR,1,100,1260.52,12.6052,100,1,2.41657,1.6792,0,0,0,47,20,16,5,8,4,33
BR,1,100,1419.51,14.1951,99.3517,0.997798,2.98338,1.92756,85,0,0,61,15,9,6,4,5,32
BR,1,500,6520,13.04,98.5609,0.993424,13.0111,1.73565,960,0,0,266,69,61,45,26,33,8
BR,1,500,6507.29,13.0146,99.202,0.997128,13.058,1.73237,533,0,0,262,74,64,41,19,40,7
BR,1,500,6999.99,14,98.5628,0.993862,14.3071,1.86569,960,0,0,299,69,42,33,25,32,5
BR,1,500,6892.05,13.7841,98.1476,0.992233,16.7559,1.83206,1237,0,0,287,73,51,37,20,32,2
BR,1,500,6590.48,13.181,98.4902,0.992462,17.104,1.76205,1002,0,0,273,74,52,35,30,36,1
BR,1,500,6587.94,13.1759,99.3235,0.997083,17.6124,1.77234,448,0,0,278,68,49,38,25,42,4
BR,1,500,6662.28,13.3246,98.535,0.994718,19.1033,1.76561,981,0,0,272,76,60,31,26,35,3
BR,1,500,7028.23,14.0565,98.6486,0.994673,17.376,1.88996,896,0,0,298,75,48,42,14,23,9
BR,1,500,6829.21,13.6584,98.6842,0.994217,18.9044,1.83054,874,0,0,290,71,40,36,23,40,6
BR,1,500,6677.15,13.3543,99.1346,0.997483,13.8632,1.7865,576,0,0,272,83,57,31,17,40,14
BR,1,500,6480.26,12.9605,98.3381,0.993021,13.1097,1.71903,1109,0,0,265,68,64,41,24,38,15
BR,1,500,6822.54,13.6451,97.8247,0.989437,14.0946,1.81276,1450,0,0,284,69,58,33,24,32,16
BR,1,500,6800.77,13.6015,98.945,0.995332,17.9276,1.81556,704,0,0,283,72,57,34,20,34,11
BR,1,500,6756.78,13.5136,97.4614,0.988308,19.1617,1.80091,1685,0,0,275,86,56,36,14,33,10
BR,1,500,6898.08,13.7962,98.3492,0.99213,19.4086,1.82406,1109,0,0,290,59,67,39,21,24,12
BR,1,500,6491.8,12.9836,98.8539,0.996112,19.3387,1.72029,768,0,0,262,73,54,45,28,38,13
BR,1,500,7022.26,14.0445,98.5261,0.993075,17.4559,1.87999,981,0,0,300,64,54,31,22,29,17
BR,1,500,6768.5,13.537,98.2017,0.991757,18.8045,1.80782,1194,0,0,284,69,59,35,22,31,18
BR,1,500,6761.27,13.5225,99.2621,0.997295,13.3284,1.81288,490,0,0,279,80,54,29,28,30,21
BR,1,500,6799.58,13.5992,98.2332,0.992146,14.0099,1.8212,1173,0,0,286,69,52,44,21,28,23
BR,1,500,6623.43,13.2469,98.2069,0.992019,14.7172,1.76538,1194,0,0,273,72,59,31,23,42,24
BR,1,500,6611.64,13.2233,98.8232,0.995788,19.5657,1.75166,789,0,0,273,65,67,34,23,38,19
BR,1,500,6717.34,13.4347,99.3588,0.99771,19.5494,1.80013,426,0,0,284,65,54,31,32,34,20
BR,1,500,6849.12,13.6982,98.2462,0.992338,19.2621,1.81759,1173,0,0,278,83,63,35,19,22,22
BR,1,500,6688.67,13.3773,98.3601,0.992277,18.6532,1.79482,1088,0,0,276,77,52,42,21,32,25
BR,1,500,6698.88,13.3978,97.6715,0.987954,18.3492,1.77348,1557,0,0,280,63,68,36,23,30,26
BR,1,500,6737.46,13.4749,98.7512,0.995515,19.5937,1.79915,832,0,0,277,76,61,34,25,27,27
BR,1,500,6731.65,13.4633,98.2969,0.992594,15.2067,1.80169,1130,0,0,286,63,59,30,28,34,29
BR,1,500,6483.5,12.967,98.6859,0.993672,14.2843,1.72824,874,0,0,265,67,67,35,27,39,31
BR,1,500,6932.84,13.8657,98.1982,0.991627,14.3593,1.85863,1194,0,0,293,72,56,32,20,27,32
BR,1,500,6527.01,13.054,98.3954,0.994436,19.5752,1.73997,1066,0,0,276,59,57,42,24,42,28
BR,1,500,6679.53,13.3591,98.4249,0.994156,18.2768,1.78788,1045,0,0,279,67,64,36,23,31,30
BR,1,500,6716.21,13.4324,99.0385,0.996163,20.7138,1.79875,640,0,0,277,72,67,29,27,28,33
BR,1,1000,13621.1,13.6211,97.1497,0.989118,34.4781,1.80567,3797,0,0,574,136,112,61,50,67,2
BR,1,1000,13603.6,13.6036,95.9923,0.980652,35.9543,1.79702,5333,0,0,564,153,111,69,35,68,3
BR,1,1000,13205.4,13.2054,97.0645,0.987718,34.7815,1.7498,3904,0,0,549,137,108,77,45,84,7
BR,1,1000,13463.7,13.4637,96.3765,0.98463,47.2005,1.78068,4821,0,0,563,142,105,69,54,67,1
BR,1,1000,13370.4,13.3704,96.7379,0.984841,37.9668,1.77603,4330,0,0,561,139,108,62,55,75,6
BR,1,1000,13756.6,13.7566,97.3937,0.989475,42.1601,1.82527,3477,0,0,584,130,100,74,40,72,5
BR,1,1000,13541,13.541,97.3891,0.990218,48.1557,1.79687,3477,0,0,575,127,101,72,46,79,4
BR,1,1000,13320.9,13.3209,96.801,0.986435,46.7662,1.75844,4266,0,0,554,134,122,82,46,62,8
BR,1,1000,13631.8,13.6318,97.0744,0.988647,43.1123,1.81414,3882,0,0,568,152,99,77,45,59,9
BR,1,1000,13418.4,13.4184,96.7696,0.984372,37.6548,1.77374,4309,0,0,553,152,109,71,42,73,10
BR,1,1000,13611.4,13.6114,96.5362,0.984409,41.9362,1.80317,4608,0,0,570,145,115,62,35,73,11
BR,1,1000,12974,12.974,96.5367,0.984314,37.3624,1.7181,4586,0,0,535,148,101,86,57,73,13
BR,1,1000,13059.4,13.0594,97.5774,0.989683,35.9103,1.73299,3221,0,0,535,148,122,75,49,71,15
BR,1,1000,13409,13.409,97.6149,0.990224,42.3024,1.77997,3178,0,0,552,152,111,66,51,68,12
BR,1,1000,13828.2,13.8282,97.2502,0.988736,45.4379,1.83628,3669,0,0,580,147,107,57,37,72,14
BR,1,1000,13369.6,13.3696,95.7079,0.977436,41.771,1.75705,5717,0,0,557,132,123,69,38,81,18
BR,1,1000,13592.3,13.5923,96.8355,0.987767,44.3198,1.79724,4224,0,0,571,130,119,61,48,71,17
BR,1,1000,13721.6,13.7216,96.1091,0.981857,48.2726,1.80685,5205,0,0,576,137,104,71,44,68,16
BR,1,1000,13497.4,13.4974,96.3004,0.983729,42.7017,1.77472,4949,0,0,560,141,114,63,44,78,19
BR,1,1000,13565.1,13.5651,96.7799,0.984364,39.4443,1.80009,4288,0,0,571,139,102,61,56,71,20
BR,1,1000,13642.1,13.6421,96.995,0.985891,38.1846,1.81551,3989,0,0,559,163,124,67,32,55,22
BR,1,1000,13327.5,13.3275,97.0796,0.988957,46.6896,1.76993,3882,0,0,546,153,119,59,57,66,21
BR,1,1000,13289.2,13.2892,97.7052,0.991092,48.8657,1.75613,3072,0,0,530,171,116,80,44,59,23
BR,1,1000,13182.4,13.1824,96.2346,0.982312,46.1547,1.73806,5013,0,0,538,154,111,65,47,85,24
BR,1,1000,13416.7,13.4167,96.6683,0.984697,38.5753,1.77475,4437,0,0,554,150,111,81,42,62,25
BR,1,1000,13317.9,13.3179,97.1026,0.985765,44.2139,1.7614,3861,0,0,546,146,127,68,49,64,26
BR,1,1000,13494.8,13.4948,96.4423,0.985432,43.8476,1.78298,4736,0,0,568,135,115,71,43,68,27
BR,1,1000,13203.5,13.2035,96.8,0.986037,36.8787,1.74447,4266,0,0,555,123,114,81,55,72,28
BR,1,1000,13564.1,13.5641,96.7397,0.983077,39.3198,1.79087,4352,0,0,568,133,118,65,54,62,29
BR,1,1000,13604.7,13.6047,97.0841,0.986601,47.0026,1.79695,3904,0,0,563,139,127,68,38,65,30
BR,1,1000,13287.9,13.2879,96.4696,0.98482,46.8742,1.75124,4714,0,0,552,128,127,73,50,70,31
BR,1,1000,13651.7,13.6517,97.1268,0.986921,44.381,1.81552,3818,0,0,571,140,119,70,44,56,32
BR,1,1000,13661.8,13.6618,96.7237,0.985328,41.8053,1.80663,4373,0,0,569,140,124,54,50,63,33
BR,1,2000,26955.4,13.4777,94.2992,0.974669,96.3583,1.76167,15210,0,0,1118,294,221,138,75,154,3
BR,1,2000,26817.9,13.409,94.3564,0.974707,112.825,1.7517,15040,0,0,1124,269,208,138,101,160,1
BR,1,2000,26900,13.45,93.9069,0.972966,105.023,1.75268,16256,0,0,1122,280,212,145,88,153,4
BR,1,2000,26916.5,13.4583,94.0884,0.972579,129.681,1.7598,15744,0,0,1125,280,220,141,100,134,2
BR,1,2000,26977.9,13.4889,94.1346,0.972503,101.942,1.7631,15637,0,0,1129,269,232,147,90,133,8
BR,1,2000,26749.4,13.3747,94.2579,0.973406,117.382,1.74254,15360,0,0,1112,277,206,163,84,158,7
BR,1,2000,27168.1,13.5841,94.0442,0.973197,137.321,1.77954,15872,0,0,1138,277,222,134,85,144,5
BR,1,2000,27505.7,13.7529,93.7336,0.970985,119.049,1.78872,16768,0,0,1148,288,197,146,90,131,9
BR,1,2000,26422,13.211,94.0744,0.973454,129.314,1.72677,15808,0,0,1084,297,221,148,102,148,6
BR,1,2000,27083.4,13.5417,93.9268,0.969876,122.156,1.76962,16170,0,0,1127,302,211,139,85,136,10
BR,1,2000,26751.7,13.3758,94.0258,0.971853,125.62,1.7473,15914,0,0,1110,290,217,135,109,139,12
BR,1,2000,26906.5,13.4532,94.8835,0.978229,132.999,1.76088,13674,0,0,1105,310,220,148,70,147,11
BR,1,2000,26937.9,13.469,94.1695,0.97378,92.7354,1.76335,15509,0,0,1126,274,226,130,93,151,17
BR,1,2000,26992.4,13.4962,94.8956,0.977196,124.361,1.77121,13610,0,0,1117,295,220,143,84,141,14
BR,1,2000,26519.7,13.2599,93.6709,0.970277,112.896,1.72908,16853,0,0,1082,305,232,146,93,142,15
BR,1,2000,26657.3,13.3287,94.5369,0.974575,131.12,1.74249,14570,0,0,1100,297,201,158,111,133,13
BR,1,2000,26907.3,13.4537,93.6007,0.968647,116.392,1.75192,17088,0,0,1119,284,214,153,95,135,16
BR,1,2000,27143.4,13.5717,94.4742,0.975467,125.667,1.77479,14762,0,0,1136,266,234,134,86,144,18
BR,1,2000,26899.2,13.4496,94.4986,0.97354,107.365,1.75792,14677,0,0,1109,303,223,135,83,147,19
BR,1,2000,27498.9,13.7494,93.756,0.97145,102.977,1.79993,16640,0,0,1159,288,194,123,93,143,20
BR,1,2000,26646,13.323,93.9251,0.971886,97.9283,1.73609,16192,0,0,1091,303,248,134,84,140,22
BR,1,2000,26882.9,13.4414,93.123,0.969043,127.921,1.7468,18325,0,0,1112,291,236,135,96,130,21
BR,1,2000,26618,13.309,93.6876,0.9689,120.134,1.73103,16853,0,0,1080,321,222,156,83,138,23
BR,1,2000,26934.8,13.4674,95.2736,0.978421,102.826,1.77075,12586,0,0,1122,291,229,124,92,142,27
BR,1,2000,26961.5,13.4808,94.2173,0.973053,132.51,1.75943,15445,0,0,1119,285,218,142,105,131,25
BR,1,2000,26770.6,13.3853,94.6854,0.976961,130.805,1.75509,14165,0,0,1106,289,239,132,89,145,26
BR,1,2000,26754.3,13.3772,93.8803,0.97147,141.266,1.74027,16341,0,0,1099,305,216,144,85,151,24
BR,1,2000,26889.6,13.4448,93.719,0.972107,120.602,1.75718,16725,0,0,1132,264,216,141,109,138,28
BR,1,2000,26921.7,13.4608,94.1581,0.97271,109.988,1.75679,15573,0,0,1119,278,234,147,100,122,29
BR,1,2000,26825.6,13.4128,93.764,0.971418,97.1145,1.7446,16640,0,0,1120,262,245,139,89,145,32
BR,1,2000,26759.2,13.3796,93.8829,0.972515,136.83,1.74323,16320,0,0,1114,275,237,149,96,129,30
BR,1,2000,27001.9,13.501,93.1936,0.967721,102.427,1.75535,18154,0,0,1122,286,224,137,101,130,33
BR,1,2000,26786.5,13.3933,94.1422,0.975484,126.435,1.75563,15573,0,0,1122,276,225,125,109,143,31
BR,1,5000,66918,13.3836,86.0477,0.927772,560.359,1.67201,92970,0,0,2758,736,581,351,205,369,3
BR,1,5000,66829.5,13.3659,85.8825,0.926383,523.343,1.66002,94378,0,0,2743,744,544,386,243,340,6
BR,1,5000,67570.3,13.5141,86.0487,0.929594,659.46,1.68805,93056,0,0,2808,738,528,327,228,371,2
BR,1,5000,67525.9,13.5052,86.3256,0.929403,596.288,1.69002,91221,0,0,2811,711,553,364,209,352,8
BR,1,5000,67054.1,13.4108,85.6517,0.927678,602.409,1.66957,95658,0,0,2780,722,512,400,222,364,7
BR,1,5000,66670.2,13.334,85.7798,0.927327,692.338,1.66396,94613,0,0,2784,688,537,360,237,394,1
BR,1,5000,67689.7,13.5379,85.413,0.923857,637.627,1.68881,97237,0,0,2825,714,547,346,209,359,5
BR,1,5000,67088.9,13.4178,86.0174,0.930417,672.979,1.68012,93056,0,0,2808,698,515,371,225,383,4
BR,1,5000,67855.2,13.571,85.9647,0.930392,702.848,1.70191,93610,0,0,2827,731,529,355,224,334,9
BR,1,5000,68127.2,13.6254,85.8154,0.930125,658.145,1.70821,94506,0,0,2852,725,511,349,217,346,10
BR,1,5000,67387.7,13.4775,86.3037,0.932347,573.364,1.68892,91285,0,0,2788,753,524,361,254,320,13
BR,1,5000,66912.2,13.3824,85.9875,0.930564,656.312,1.66669,93482,0,0,2754,741,572,362,202,369,11
BR,1,5000,68225.7,13.6451,85.2956,0.92589,591.34,1.70885,97941,0,0,2847,720,555,352,193,333,14
BR,1,5000,66922.6,13.3845,86.2976,0.930776,600.472,1.67915,91136,0,0,2780,722,567,352,219,360,15
BR,1,5000,67184.7,13.4369,86.0951,0.928765,635.24,1.68025,92586,0,0,2802,709,547,320,255,367,12
BR,1,5000,67563.4,13.5127,86.1962,0.930297,595.641,1.68884,92096,0,0,2807,722,542,347,222,360,17
BR,1,5000,67514.2,13.5028,86.0262,0.930137,664.966,1.68764,93120,0,0,2802,727,560,349,221,341,16
BR,1,5000,67045.7,13.4091,86.0154,0.928621,677.674,1.67927,93141,0,0,2784,702,608,338,210,358,18
BR,1,5000,67195.2,13.439,86.4615,0.931934,527.537,1.68239,90282,0,0,2778,734,561,345,211,371,19
BR,1,5000,67046.2,13.4092,86.7251,0.931627,513.349,1.68133,88533,0,0,2778,709,584,363,221,345,26
BR,1,5000,67529.4,13.5059,85.6617,0.92659,554.061,1.68481,95637,0,0,2812,711,558,325,249,345,25
BR,1,5000,66127.5,13.2255,86.9362,0.933224,642.142,1.64953,87253,0,0,2721,713,563,375,232,396,22
BR,1,5000,67927.9,13.5856,85.567,0.926321,671.292,1.69924,96149,0,0,2841,714,545,322,211,367,20
BR,1,5000,66978.5,13.3957,86.4467,0.931818,678.592,1.67952,90346,0,0,2759,737,583,356,227,338,21
BR,1,5000,67092.2,13.4184,86.3452,0.930673,689.577,1.68111,90965,0,0,2773,735,562,353,219,358,24
BR,2,100,1267.41,12.6741,99.7579,0.999603,3.0734,2.55846,21,0,0,95,0,0,0,0,5,1
BR,1,5000,66674.1,13.3348,86.4963,0.931624,698.95,1.67246,90048,0,0,2740,749,571,364,199,377,23
BR,2,100,1282.15,12.8215,98.7923,0.996411,3.15372,2.5825,106,0,0,97,0,0,0,0,3,2
BR,2,100,1292.06,12.9206,98.3491,0.993078,3.16431,2.54127,149,0,0,94,0,0,0,0,6,3
BR,2,100,1281.67,12.8167,97.5728,0.989813,3.17322,2.59416,213,0,0,97,0,0,0,0,3,4
BR,2,100,1324.46,13.2446,95.0704,0.984165,3.16968,2.59443,448,0,0,97,0,0,0,0,3,5
BR,2,100,1285.57,12.8557,98.8038,0.997739,3.09496,2.56475,106,0,0,95,0,0,0,0,5,6
BR,2,100,1267.78,12.6778,99.759,0.999603,3.1015,2.54668,21,0,0,94,0,0,0,0,6,7
BR,2,100,1280.47,12.8047,99.2908,0.998823,3.09943,2.524,64,0,0,91,0,0,0,0,9,8
BR,2,100,1284.29,12.8429,98.7775,0.996733,3.1095,2.61921,106,0,0,99,0,0,0,0,1,9
BR,2,100,1282.13,12.8213,98.3133,0.994082,2.80856,2.57624,149,0,0,95,0,0,0,0,5,11
BR,2,100,1306.12,13.0612,97.381,0.992434,3.07932,2.5948,234,0,0,97,0,0,0,0,3,10
BR,2,100,1306.87,13.0687,96.4789,0.989186,3.10868,2.55827,320,0,0,95,0,0,0,0,5,12
BR,2,100,1279.67,12.7967,98.8038,0.997739,3.10939,2.55256,106,0,0,95,0,0,0,0,5,13
BR,2,100,1307.24,13.0724,96.729,0.990554,3.14833,2.54668,298,0,0,94,0,0,0,0,6,15
BR,2,100,1274.01,12.7401,100,1,3.1736,2.53573,0,0,0,92,0,0,0,0,8,14
BR,2,100,1275.85,12.7585,99.5134,0.99921,3.1049,2.58866,42,0,0,97,0,0,0,0,3,17
BR,2,100,1285.38,12.8538,98.3213,0.994206,3.12632,2.57037,149,0,0,96,0,0,0,0,4,16
BR,2,100,1300.88,13.0088,96.9412,0.989954,3.11222,2.55239,277,0,0,94,0,0,0,0,6,19
BR,2,100,1297.44,12.9744,97.1496,0.991004,3.17149,2.57021,256,0,0,95,0,0,0,0,5,18
BR,2,100,1282.92,12.8292,98.8095,0.997739,3.09683,2.54689,106,0,0,94,0,0,0,0,6,20
BR,2,100,1276.41,12.7641,99.0361,0.995561,3.15217,2.56441,85,0,0,95,0,0,0,0,5,21
BR,2,100,1282.75,12.8275,98.5646,0.997365,3.10358,2.55849,128,0,0,94,0,0,0,0,6,23
BR,2,100,1297.12,12.9712,98.0861,0.996416,3.14614,2.58874,170,0,0,97,0,0,0,0,3,22
BR,2,100,1299.71,12.9971,97.3558,0.99248,2.14997,2.60684,234,0,0,98,0,0,0,0,2,25
BR,2,100,1292.61,12.9261,98.3568,0.996996,3.19552,2.52972,149,0,0,93,0,0,0,0,7,24
BR,2,100,1279.44,12.7944,99.2788,0.998504,3.09172,2.56474,64,0,0,95,0,0,0,0,5,26
BR,2,100,1273.68,12.7368,99.7596,0.999603,3.1183,2.55297,21,0,0,93,0,0,0,0,7,27
BR,2,100,1282.29,12.8229,98.5577,0.995967,3.09607,2.57036,128,0,0,96,0,0,0,0,4,28
BR,2,100,1282.58,12.8258,98.5646,0.997365,3.08658,2.55849,128,0,0,94,0,0,0,0,6,29
BR,2,100,1287.97,12.8797,99.2771,0.998823,3.08829,2.58897,64,0,0,96,0,0,0,0,4,30
BR,2,100,1303.53,13.0353,96.9267,0.991305,3.1229,2.57037,277,0,0,95,0,0,0,0,5,31
BR,2,100,1294.37,12.9437,98.3294,0.996336,3.11073,2.57677,149,0,0,96,0,0,0,0,4,32
BR,2,100,1281.16,12.8116,98.2843,0.995653,3.10747,2.61912,149,0,0,99,0,0,0,0,1,33
BR,2,500,6788.58,13.5772,93.7387,0.98069,19.6727,2.57085,2944,0,0,475,0,0,0,0,25,1
BR,2,500,6896.44,13.7929,92.2317,0.97969,19.6723,2.58762,3690,0,0,479,0,0,0,0,21,2
BR,2,500,6900.65,13.8013,93.0139,0.982688,19.3529,2.58205,3328,0,0,481,0,0,0,0,19,3
BR,2,500,6907.58,13.8152,92.8635,0.979152,19.4392,2.57252,3413,0,0,472,0,0,0,0,28,4
BR,2,500,6858.52,13.717,92.7673,0.979408,19.3648,2.57324,3434,0,0,475,0,0,0,0,25,5
BR,2,500,6792.32,13.5846,93.699,0.98106,19.3347,2.56966,2965,0,0,476,0,0,0,0,24,6
BR,2,500,6828.66,13.6573,94.3141,0.985497,19.3073,2.57275,2688,0,0,476,0,0,0,0,24,7
BR,2,500,6833.89,13.6678,93.3213,0.97898,19.3227,2.57455,3157,0,0,479,0,0,0,0,21,8
BR,2,500,6873.37,13.7467,92.7667,0.979765,19.0836,2.59615,3413,0,0,483,0,0,0,0,17,9
BR,1,5000,67116.3,13.4233,86.3505,0.932351,665.403,1.68162,91008,0,0,2781,717,575,339,237,351,27
BR,2,500,6866.31,13.7326,91.8505,0.97357,19.3,2.58239,3861,0,0,478,0,0,0,0,22,10
BR,2,500,6751.27,13.5025,94.9977,0.988809,18.5132,2.58674,2325,0,0,483,0,0,0,0,17,13
BR,2,500,6858,13.716,93.1501,0.982535,20.2181,2.5806,3242,0,0,479,0,0,0,0,21,11
BR,2,500,6819.46,13.6389,93.6248,0.980744,19.9588,2.59377,2986,0,0,485,0,0,0,0,15,12
BR,2,500,6753.34,13.5067,94.9454,0.987675,19.5418,2.56658,2368,0,0,475,0,0,0,0,25,14
BR,2,500,6924.97,13.8499,92.3453,0.977788,19.5759,2.57353,3669,0,0,478,0,0,0,0,22,15
BR,2,500,6860.44,13.7209,92.9959,0.980675,19.4949,2.58892,3306,0,0,482,0,0,0,0,18,16
BR,2,500,6821.64,13.6433,93.2482,0.981433,15.4909,2.5997,3157,0,0,483,0,0,0,0,17,17
BR,2,500,6856.26,13.7125,93.5673,0.984827,17.7427,2.57488,3050,0,0,477,0,0,0,0,23,19
BR,2,500,6848.64,13.6973,92.9152,0.979136,19.2957,2.5804,3349,0,0,480,0,0,0,0,20,18
BR,2,500,6779.35,13.5587,94.5811,0.986902,13.3463,2.57722,2538,0,0,479,0,0,0,0,21,21
BR,2,500,6855.43,13.7109,93.7444,0.981413,18.5133,2.57617,2965,0,0,477,0,0,0,0,23,20
BR,2,500,6827.02,13.654,93.9201,0.985543,18.775,2.58795,2858,0,0,485,0,0,0,0,15,22
BR,2,500,6873.2,13.7464,92.7904,0.977582,14.9193,2.55453,3456,0,0,467,0,0,0,0,33,24
BR,2,500,6866.38,13.7328,92.8797,0.981747,19.4967,2.58411,3370,0,0,482,0,0,0,0,18,23
BR,2,500,6960.26,13.9205,91.4108,0.974171,18.4793,2.58761,4117,0,0,480,0,0,0,0,20,25
BR,2,500,6846.48,13.693,93.0599,0.978942,20.1754,2.57568,3285,0,0,479,0,0,0,0,21,26
BR,2,500,6815.67,13.6313,94.147,0.985883,21.1784,2.58201,2752,0,0,480,0,0,0,0,20,27
BR,2,500,6941.68,13.8834,91.9326,0.978869,19.9327,2.56866,3882,0,0,475,0,0,0,0,25,28
BR,2,500,6852.45,13.7049,92.9343,0.980446,15.6396,2.57447,3349,0,0,477,0,0,0,0,23,29
BR,2,500,6826.51,13.653,93.4545,0.983179,19.444,2.59133,3072,0,0,482,0,0,0,0,18,30
BR,2,500,6876.76,13.7535,92.9243,0.979471,15.5413,2.57112,3370,0,0,473,0,0,0,0,27,31
BR,2,500,6902.61,13.8052,91.5285,0.973178,15.7566,2.5849,4032,0,0,483,0,0,0,0,17,32
BR,2,500,6842.66,13.6853,93.6228,0.98286,19.295,2.58432,3008,0,0,480,0,0,0,0,20,33
BR,2,1000,14616,14.616,87.5422,0.961731,34.201,2.58014,12586,0,0,953,0,0,0,0,47,1
BR,1,5000,67422.1,13.4844,85.4689,0.925747,563.378,1.6799,96896,0,0,2811,695,553,358,253,330,28
BR,2,1000,14553.8,14.5538,88.1129,0.967521,40.1688,2.58383,11946,0,0,959,0,0,0,0,41,2
BR,2,1000,14753.9,14.7539,86.1367,0.955869,47.0819,2.58944,14101,0,0,957,0,0,0,0,43,3
BR,2,1000,14649.3,14.6493,87.8095,0.965156,42.1134,2.56801,12394,0,0,948,0,0,0,0,52,5
BR,2,1000,14521.8,14.5218,88.5357,0.967645,45.6135,2.57331,11541,0,0,950,0,0,0,0,50,4
BR,2,1000,14668.2,14.6682,87.5687,0.963433,46.9393,2.59465,12544,0,0,962,0,0,0,0,38,6
BR,2,1000,14575.5,14.5755,88.2974,0.96805,45.2064,2.57454,11818,0,0,947,0,0,0,0,53,7
BR,2,1000,14631.6,14.6316,87.8121,0.965091,45.8251,2.58988,12288,0,0,962,0,0,0,0,38,9
BR,2,1000,14749.6,14.7496,87.4738,0.965426,48.3122,2.58351,12757,0,0,961,0,0,0,0,39,8
BR,2,1000,14642.4,14.6424,86.7917,0.959647,48.2625,2.5792,13376,0,0,955,0,0,0,0,45,10
BR,2,1000,14656,14.656,86.7566,0.957567,46.5098,2.58523,13397,0,0,959,0,0,0,0,41,11
BR,1,5000,67114.8,13.423,86.6711,0.933329,576.345,1.68306,88938,0,0,2788,699,570,363,221,359,30
BR,2,1000,14475.7,14.4757,88.8818,0.9685,47.5405,2.58339,11114,0,0,962,0,0,0,0,38,12
BR,2,1000,14678.8,14.6788,86.9949,0.961226,47.7666,2.58242,13184,0,0,958,0,0,0,0,42,13
BR,2,1000,14511.3,14.5113,88.1891,0.964871,40.9491,2.57063,11882,0,0,950,0,0,0,0,50,14
BR,1,5000,66676.3,13.3353,86.1956,0.930325,609.397,1.66351,92032,0,0,2754,734,541,366,259,346,29
BR,2,1000,14692,14.692,87.132,0.962018,40.7135,2.58314,13056,0,0,960,0,0,0,0,40,15
BR,2,1000,14619.3,14.6193,87.9376,0.964696,40.3636,2.57742,12202,0,0,954,0,0,0,0,46,17
BR,1,5000,67001.5,13.4003,85.4352,0.923649,554.65,1.66934,97002,0,0,2790,690,567,368,225,360,33
BR,2,1000,14587.2,14.5872,87.6378,0.961584,49.53,2.58666,12437,0,0,962,0,0,0,0,38,16
BR,2,1000,14642.8,14.6428,86.9464,0.959438,49.832,2.5829,13205,0,0,953,0,0,0,0,47,18
BR,2,1000,14707.4,14.7074,86.6667,0.962315,42.5982,2.57816,13568,0,0,954,0,0,0,0,46,19
BR,2,1000,14660.5,14.6605,87.2,0.960999,37.9309,2.58009,12970,0,0,953,0,0,0,0,47,20
BR,2,1000,14602.6,14.6026,86.7557,0.961601,49.2836,2.58869,13333,0,0,958,0,0,0,0,42,21
BR,2,1000,14699.7,14.6997,86.6399,0.959313,38.9877,2.59554,13504,0,0,968,0,0,0,0,32,22
BR,1,5000,67315.4,13.4631,85.7243,0.927129,601.96,1.6827,95232,0,0,2788,709,584,358,209,352,32
BR,2,1000,14643.7,14.6437,87.165,0.959287,34.54,2.56103,13077,0,0,938,0,0,0,0,62,24
BR,2,1000,14624.7,14.6247,87.1077,0.960591,32.4821,2.59373,12970,0,0,969,0,0,0,0,31,25
BR,2,1000,14520.5,14.5205,87.8975,0.965298,45.6037,2.5926,12096,0,0,967,0,0,0,0,33,23
BR,1,5000,67222.5,13.4445,85.1726,0.924499,620.046,1.67089,98944,0,0,2790,712,566,339,225,368,31
BR,2,1000,14498.2,14.4982,88.2554,0.962989,42.701,2.5891,11733,0,0,960,0,0,0,0,40,26
BR,2,1000,14519.1,14.5191,88.3429,0.968415,46.879,2.58204,11690,0,0,959,0,0,0,0,41,27
BR,2,1000,14536.4,14.5364,87.8634,0.962541,35.9184,2.57826,12202,0,0,954,0,0,0,0,46,28
BR,2,1000,14535.1,14.5351,87.3991,0.960579,37.3802,2.58278,12650,0,0,959,0,0,0,0,41,29
BR,2,1000,14586.7,14.5867,87.8981,0.964056,32.8706,2.59159,12160,0,0,966,0,0,0,0,34,32
BR,2,1000,14621.9,14.6219,87.4921,0.964006,43.8088,2.57359,12672,0,0,951,0,0,0,0,49,31
BR,2,1000,14648.1,14.6481,86.6005,0.957078,46.6027,2.58573,13546,0,0,960,0,0,0,0,40,30
BR,2,1000,14636.3,14.6363,86.9666,0.961326,45.2531,2.58526,13162,0,0,959,0,0,0,0,41,33
BR,2,2000,31607.2,15.8036,78.8658,0.925852,103.136,2.57701,46272,0,0,1897,0,0,0,0,103,1
BR,2,2000,31517.4,15.7587,79.4395,0.928712,124.049,2.59806,44608,0,0,1931,0,0,0,0,69,2
BR,2,2000,31767.4,15.8837,78.6892,0.925375,102.812,2.57778,46890,0,0,1904,0,0,0,0,96,7
BR,2,2000,31783,15.8915,79.0998,0.9287,104.134,2.58903,45866,0,0,1922,0,0,0,0,78,8
BR,2,2000,31757.2,15.8786,77.9984,0.921173,113.784,2.58931,48213,0,0,1920,0,0,0,0,80,6
BR,2,2000,31534.4,15.7672,79.3181,0.93065,123.531,2.57903,45162,0,0,1907,0,0,0,0,93,4
BR,2,2000,31445.7,15.7229,79.9843,0.93186,129.579,2.58629,43477,0,0,1914,0,0,0,0,86,3
BR,2,2000,31687.1,15.8435,78.7899,0.926156,125.377,2.58535,46442,0,0,1910,0,0,0,0,90,5
BR,2,2000,31727.9,15.864,77.8732,0.920748,121.816,2.59481,48384,0,0,1926,0,0,0,0,74,9
BR,2,2000,31711.8,15.8559,78.0419,0.91785,97.6261,2.58616,48085,0,0,1918,0,0,0,0,82,10
BR,2,2000,31745.3,15.8726,77.7572,0.921112,95.0002,2.58607,48789,0,0,1918,0,0,0,0,82,15
BR,2,2000,31751,15.8755,77.1512,0.914779,103.036,2.58383,50133,0,0,1917,0,0,0,0,83,16
BR,2,2000,31723.6,15.8618,79.165,0.928403,122.966,2.58439,45674,0,0,1910,0,0,0,0,90,11
BR,2,2000,31740.3,15.8702,78.8315,0.926312,121.478,2.58882,46378,0,0,1920,0,0,0,0,80,12
BR,2,2000,31556.6,15.7783,78.596,0.925252,122.415,2.5968,46506,0,0,1930,0,0,0,0,70,13
BR,2,2000,31625,15.8125,78.8899,0.927468,112.754,2.58317,46165,0,0,1906,0,0,0,0,94,17
BR,2,2000,31454.3,15.7271,78.9215,0.926651,131.768,2.58661,45781,0,0,1915,0,0,0,0,85,14
BR,2,2000,31766.8,15.8834,78.7321,0.927971,128.551,2.59249,46592,0,0,1924,0,0,0,0,76,18
BR,2,2000,31625.9,15.8129,78.7973,0.925157,121.065,2.58557,46336,0,0,1910,0,0,0,0,90,19
BR,2,2000,31802.2,15.9011,77.7368,0.920077,96.8067,2.58459,48938,0,0,1914,0,0,0,0,86,22
BR,2,2000,31713.3,15.8566,78.2981,0.923726,124.041,2.5854,47552,0,0,1910,0,0,0,0,90,20
BR,2,2000,31738.7,15.8694,78.059,0.922084,96.8228,2.58746,48085,0,0,1913,0,0,0,0,87,26
BR,2,2000,31718.9,15.8594,78.4493,0.921899,107.74,2.57905,47317,0,0,1902,0,0,0,0,98,24
BR,2,2000,31899.4,15.9497,77.8586,0.918843,115.707,2.59159,48704,0,0,1918,0,0,0,0,82,23
BR,2,2000,31697.2,15.8486,78.3033,0.921704,123.942,2.5894,47466,0,0,1917,0,0,0,0,83,21
BR,2,2000,31702.7,15.8514,79.1402,0.927395,127.877,2.59597,45546,0,0,1928,0,0,0,0,72,25
BR,2,2000,31334.7,15.6673,80.0985,0.932582,124.777,2.58438,43114,0,0,1911,0,0,0,0,89,27
BR,2,2000,31700.3,15.8502,78.2604,0.921739,127.937,2.58536,47616,0,0,1910,0,0,0,0,90,28
BR,2,2000,31618,15.809,79.4581,0.932405,92.6419,2.5905,44800,0,0,1922,0,0,0,0,78,30
BR,2,2000,31600.1,15.8,79.1769,0.929208,110.466,2.59526,45333,0,0,1930,0,0,0,0,70,29
BR,2,2000,31725,15.8625,78.7932,0.922317,105.309,2.5854,46485,0,0,1913,0,0,0,0,87,32
BR,2,2000,31773.2,15.8866,78.4678,0.923995,104.253,2.59175,47189,0,0,1914,0,0,0,0,86,33
BR,2,2000,31757.6,15.8788,78.3272,0.924981,118.414,2.58365,47594,0,0,1905,0,0,0,0,95,31
BR,2,5000,87874.6,17.5749,60.4564,0.817887,597.131,2.58319,240298,0,0,4778,0,0,0,0,222,1
BR,2,5000,87928.4,17.5857,60.5179,0.815367,518.238,2.58889,239722,0,0,4811,0,0,0,0,189,5
BR,2,5000,88125.9,17.6252,60.1009,0.816337,510.069,2.58856,242858,0,0,4809,0,0,0,0,191,9
BR,2,5000,87904.1,17.5808,60.342,0.820099,651.914,2.59486,240469,0,0,4821,0,0,0,0,179,2
BR,2,5000,87865.1,17.573,60.4115,0.815572,676.94,2.59009,240149,0,0,4808,0,0,0,0,192,3
BR,2,5000,87978.2,17.5956,60.4157,0.819853,667.985,2.58929,240512,0,0,4807,0,0,0,0,193,4
BR,2,5000,88075.1,17.615,60.1994,0.813826,640.238,2.59017,241877,0,0,4825,0,0,0,0,175,8
BR,2,5000,88151.1,17.6302,60.7496,0.818546,645.309,2.59045,238826,0,0,4815,0,0,0,0,185,7
BR,2,5000,88231.2,17.6462,60.1352,0.814127,670.98,2.59226,242752,0,0,4825,0,0,0,0,175,6
BR,2,5000,88007.5,17.6015,60.5935,0.816095,462.743,2.59086,239381,0,0,4830,0,0,0,0,170,16
BR,2,5000,88204.9,17.641,60.4082,0.817296,548.096,2.60183,240405,0,0,4855,0,0,0,0,145,13
BR,2,5000,88266.9,17.6534,60.0343,0.814894,509.498,2.58698,243733,0,0,4817,0,0,0,0,183,14
BR,2,5000,88299.5,17.6599,59.5207,0.811341,660.91,2.58895,246848,0,0,4806,0,0,0,0,194,11
BR,2,5000,87984,17.5968,60.439,0.815905,680.459,2.5893,240320,0,0,4814,0,0,0,0,186,10
BR,2,5000,88095.4,17.6191,60.0463,0.81592,676.762,2.58865,243114,0,0,4805,0,0,0,0,195,12
BR,2,5000,87976.3,17.5953,61.0358,0.822859,656.169,2.58842,236736,0,0,4804,0,0,0,0,196,17
BR,2,5000,87849.7,17.5699,60.3247,0.81602,679.76,2.58597,240853,0,0,4803,0,0,0,0,197,15
BR,2,5000,87946.8,17.5894,59.9437,0.810912,690.184,2.59286,242986,0,0,4832,0,0,0,0,168,18
BR,2,5000,87966.2,17.5932,60.6833,0.819664,607.711,2.58875,238869,0,0,4808,0,0,0,0,192,20
BR,2,5000,88153.9,17.6308,60.2411,0.815857,563.341,2.58939,242048,0,0,4802,0,0,0,0,198,23
BR,2,5000,87846.8,17.5694,61.1514,0.823591,640.11,2.59274,235520,0,0,4814,0,0,0,0,186,19
BR,2,5000,87941.8,17.5884,60.7186,0.816855,562.08,2.58731,238613,0,0,4804,0,0,0,0,196,24
BR,2,5000,88025.7,17.6051,60.694,0.816989,648.618,2.59238,238762,0,0,4813,0,0,0,0,187,21
BR,2,5000,88174.4,17.6349,59.8864,0.812733,525.57,2.59265,244053,0,0,4815,0,0,0,0,185,25
BR,2,5000,88164.6,17.6329,61.1183,0.822171,669.897,2.58744,236906,0,0,4792,0,0,0,0,208,22
BR,2,5000,88058.9,17.6118,61.0422,0.823496,622.832,2.59893,236373,0,0,4833,0,0,0,0,167,26
BR,2,5000,88137.5,17.6275,60.5387,0.818544,650.078,2.59176,240042,0,0,4818,0,0,0,0,182,27
BR,2,5000,87888.2,17.5776,60.4409,0.813586,490.71,2.59013,240021,0,0,4814,0,0,0,0,186,29
BR,2,5000,87951.1,17.5902,60.7625,0.820506,502.684,2.58994,238229,0,0,4806,0,0,0,0,194,30
BR,2,5000,88162.7,17.6325,60.6599,0.816298,478.859,2.58724,239616,0,0,4815,0,0,0,0,185,32
BR,2,5000,88074.6,17.6149,60.1045,0.814013,538.866,2.58941,242666,0,0,4814,0,0,0,0,186,28
BR,2,5000,88290.7,17.6581,60.2397,0.815929,512.954,2.58396,242709,0,0,4792,0,0,0,0,208,31
BR,2,5000,87983.7,17.5967,59.6904,0.811218,453.019,2.58716,244970,0,0,4793,0,0,0,0,207,33
